{"flutter":{"platforms":{"android":{"default":{"projectId":"bible-quiz---telugu","appId":"1:576441506199:android:05ca2043e5eaa99ecf4cd2","fileOutput":"android/app/google-services.json"}},"ios":{"default":{"projectId":"bible-quiz---telugu","appId":"1:576441506199:ios:5a3012078d0e4553cf4cd2","uploadDebugSymbols":false,"fileOutput":"ios/Runner/GoogleService-Info.plist"}},"dart":{"lib/firebase_options.dart":{"projectId":"bible-quiz---telugu","configurations":{"android":"1:576441506199:android:05ca2043e5eaa99ecf4cd2","ios":"1:576441506199:ios:5a3012078d0e4553cf4cd2"}}}}}}