{"flutter":{"platforms":{"android":{"default":{"projectId":"auzef-cilgindershane","appId":"1:1040168289571:android:79205876f72ece52d33896","fileOutput":"android/app/google-services.json"}},"ios":{"default":{"projectId":"auzef-cilgindershane","appId":"1:1040168289571:ios:12c8dc84ff9a544dd33896","uploadDebugSymbols":false,"fileOutput":"ios/Runner/GoogleService-Info.plist"}},"dart":{"lib/firebase_options.dart":{"projectId":"auzef-cilgindershane","configurations":{"android":"1:1040168289571:android:79205876f72ece52d33896","ios":"1:1040168289571:ios:12c8dc84ff9a544dd33896"}}}}}}