{
  "project_info": {
    "project_number": "576441506199",
    "project_id": "bible-quiz---telugu",
    "storage_bucket": "bible-quiz---telugu.firebasestorage.app"
  },
  "client": [
    {
      "client_info": {
        "mobilesdk_app_id": "1:576441506199:android:05ca2043e5eaa99ecf4cd2",
        "android_client_info": {
          "package_name": "com.twoannsmedia.jeevadharabiblequiz"
        }
      },
      "oauth_client": [
        {
          "client_id": "576441506199-0cd9crh94dg6geonpo9h9lcggfd3mf8j.apps.googleusercontent.com",
          "client_type": 1,
          "android_info": {
            "package_name": "com.twoannsmedia.jeevadharabiblequiz",
            "certificate_hash": "fa97eee3083973afd09661bb9a915315386eb567"
          }
        },
        {
          "client_id": "576441506199-7pg208hqokkm5pqrcuh3g8ip89sctq8m.apps.googleusercontent.com",
          "client_type": 1,
          "android_info": {
            "package_name": "com.twoannsmedia.jeevadharabiblequiz",
            "certificate_hash": "f1d114f30e0c184c37e492ef2f5fef273fc61347"
          }
        },
        {
          "client_id": "576441506199-d5hacv8gc0l7qrb81arruc0q8j5n1dus.apps.googleusercontent.com",
          "client_type": 1,
          "android_info": {
            "package_name": "com.twoannsmedia.jeevadharabiblequiz",
            "certificate_hash": "85b8167a9e967660f1d5e9697170cf56a0d27ea4"
          }
        },
        {
          "client_id": "576441506199-j5hm992bkesd98uhme4lfsdjia9ajpij.apps.googleusercontent.com",
          "client_type": 1,
          "android_info": {
            "package_name": "com.twoannsmedia.jeevadharabiblequiz",
            "certificate_hash": "d7569a3e9a66f2a97739dcd330002c37e815b2d2"
          }
        },
        {
          "client_id": "576441506199-nb2d2ql40i54riokc9cg0nhkv4umbtkj.apps.googleusercontent.com",
          "client_type": 1,
          "android_info": {
            "package_name": "com.twoannsmedia.jeevadharabiblequiz",
            "certificate_hash": "53e22e2b1a90006f4df9c220e7f5600ef60e04f6"
          }
        },
        {
          "client_id": "576441506199-vh4v32bsiqd9e8fge1uke90no5u3340i.apps.googleusercontent.com",
          "client_type": 1,
          "android_info": {
            "package_name": "com.twoannsmedia.jeevadharabiblequiz",
            "certificate_hash": "abd899ddd330bede5d5b31fbb734560515cbfeb2"
          }
        },
        {
          "client_id": "576441506199-tk9cnreg9vmqdi997n3bompnkot84r1v.apps.googleusercontent.com",
          "client_type": 3
        }
      ],
      "api_key": [
        {
          "current_key": "AIzaSyBw0-SgLkpvuzcgrBIdGu-4kKG8dGVGeKg"
        }
      ],
      "services": {
        "appinvite_service": {
          "other_platform_oauth_client": [
            {
              "client_id": "576441506199-h941anhtonturc8tufol9k3sn0edoull.apps.googleusercontent.com",
              "client_type": 3
            },
            {
              "client_id": "576441506199-4lc3kc93ie0lg2aht4pilhsidma921oh.apps.googleusercontent.com",
              "client_type": 2,
              "ios_info": {
                "bundle_id": "com.iosjeevadhara.quizios"
              }
            }
          ]
        }
      }
    }
  ],
  "configuration_version": "1"
}