{
  "project_info": {
    "project_number": "107445319184",
    "project_id": "ubm-pos",
    "storage_bucket": "ubm-pos.firebasestorage.app"
  },
  "client": [
    {
      "client_info": {
        "mobilesdk_app_id": "1:107445319184:android:5f1d84d6f41f7a8ae33c95",
        "android_client_info": {
          "package_name": "com.example.dev"
        }
      },
      "oauth_client": [],
      "api_key": [
        {
          "current_key": "AIzaSyC2kHwP9sNn3VE4Ce9FKw5EcY5-2sszG7Q"
        }
      ],
      "services": {
        "appinvite_service": {
          "other_platform_oauth_client": []
        }
      }
    }
  ],
  "configuration_version": "1"
}