{"flutter":{"platforms":{"android":{"default":{"projectId":"my-app-276f3","appId":"1:475252821152:android:7af1d0d3d9a710dd508dc5","fileOutput":"android/app/google-services.json"}},"ios":{"default":{"projectId":"my-app-276f3","appId":"1:475252821152:ios:6896739270fc67fc508dc5","uploadDebugSymbols":false,"fileOutput":"ios/Runner/GoogleService-Info.plist"}},"dart":{"lib/firebase_options.dart":{"projectId":"my-app-276f3","configurations":{"android":"1:475252821152:android:7af1d0d3d9a710dd508dc5","ios":"1:475252821152:ios:6896739270fc67fc508dc5"}}}}}}