{"flutter":{"platforms":{"android":{"default":{"projectId":"my-app-276f3","appId":"1:475252821152:android:92b0e1bc1ded8c32508dc5","fileOutput":"android/app/google-services.json"}},"ios":{"default":{"projectId":"my-app-276f3","appId":"1:475252821152:ios:d80f31c76adeefeb508dc5","uploadDebugSymbols":false,"fileOutput":"ios/Runner/GoogleService-Info.plist"}},"dart":{"lib/firebase_options.dart":{"projectId":"my-app-276f3","configurations":{"android":"1:475252821152:android:92b0e1bc1ded8c32508dc5","ios":"1:475252821152:ios:d80f31c76adeefeb508dc5"}}}}}}