{"flutter":{"platforms":{"android":{"default":{"projectId":"my-app-276f3","appId":"1:475252821152:android:fd79189a84b87acb508dc5","fileOutput":"android/app/google-services.json"}},"ios":{"default":{"projectId":"my-app-276f3","appId":"1:475252821152:ios:bfbb68da6432afae508dc5","uploadDebugSymbols":false,"fileOutput":"ios/Runner/GoogleService-Info.plist"}},"dart":{"lib/firebase_options.dart":{"projectId":"my-app-276f3","configurations":{"android":"1:475252821152:android:fd79189a84b87acb508dc5","ios":"1:475252821152:ios:bfbb68da6432afae508dc5"}}}}}}