{
  "project_info": {
    "project_number": "1040168289571",
    "project_id": "auzef-cilgindershane",
    "storage_bucket": "auzef-cilgindershane.firebasestorage.app"
  },
  "client": [
    {
      "client_info": {
        "mobilesdk_app_id": "1:1040168289571:android:22c0c3e90c993cb3d33896",
        "android_client_info": {
          "package_name": "com.auzefcocukgelism.quiz"
        }
      },
      "oauth_client": [
        {
          "client_id": "1040168289571-aeqmvsl3u6c0ufeocfqvg5lcrop5ovug.apps.googleusercontent.com",
          "client_type": 1,
          "android_info": {
            "package_name": "com.auzefcocukgelism.quiz",
            "certificate_hash": "f1d114f30e0c184c37e492ef2f5fef273fc61347"
          }
        },
        {
          "client_id": "1040168289571-3f89rl2e2aiq3dreh5fui6vlphsu2fa0.apps.googleusercontent.com",
          "client_type": 3
        }
      ],
      "api_key": [
        {
          "current_key": "AIzaSyBf9W9EUL0n6WqFguWmln6zBCNYeX4Dqc0"
        }
      ],
      "services": {
        "appinvite_service": {
          "other_platform_oauth_client": [
            {
              "client_id": "1040168289571-3f89rl2e2aiq3dreh5fui6vlphsu2fa0.apps.googleusercontent.com",
              "client_type": 3
            },
            {
              "client_id": "1040168289571-cr2605js827mvknr71s46e6c9bv2l6ll.apps.googleusercontent.com",
              "client_type": 2,
              "ios_info": {
                "bundle_id": "com.wrteam.flutterquiz"
              }
            }
          ]
        }
      }
    },
    {
      "client_info": {
        "mobilesdk_app_id": "1:1040168289571:android:79205876f72ece52d33896",
        "android_client_info": {
          "package_name": "com.wrteam.flutterquiz"
        }
      },
      "oauth_client": [
        {
          "client_id": "1040168289571-33es4b0eckucfutchvhvsqtmodj8frro.apps.googleusercontent.com",
          "client_type": 1,
          "android_info": {
            "package_name": "com.wrteam.flutterquiz",
            "certificate_hash": "f1d114f30e0c184c37e492ef2f5fef273fc61347"
          }
        },
        {
          "client_id": "1040168289571-3f89rl2e2aiq3dreh5fui6vlphsu2fa0.apps.googleusercontent.com",
          "client_type": 3
        }
      ],
      "api_key": [
        {
          "current_key": "AIzaSyBf9W9EUL0n6WqFguWmln6zBCNYeX4Dqc0"
        }
      ],
      "services": {
        "appinvite_service": {
          "other_platform_oauth_client": [
            {
              "client_id": "1040168289571-3f89rl2e2aiq3dreh5fui6vlphsu2fa0.apps.googleusercontent.com",
              "client_type": 3
            },
            {
              "client_id": "1040168289571-cr2605js827mvknr71s46e6c9bv2l6ll.apps.googleusercontent.com",
              "client_type": 2,
              "ios_info": {
                "bundle_id": "com.wrteam.flutterquiz"
              }
            }
          ]
        }
      }
    }
  ],
  "configuration_version": "1"
}