{
  "project_info": {
    "project_number": "475252821152",
    "project_id": "my-app-276f3",
    "storage_bucket": "my-app-276f3.appspot.com"
  },
  "client": [
    {
      "client_info": {
        "mobilesdk_app_id": "1:475252821152:android:92b0e1bc1ded8c32508dc5",
        "android_client_info": {
          "package_name": "com.kavaai.delivery"
        }
      },
      "oauth_client": [
        {
          "client_id": "475252821152-1c3an1pqib58dhg3fsd4429lud4pps1g.apps.googleusercontent.com",
          "client_type": 1,
          "android_info": {
            "package_name": "com.kavaai.delivery",
            "certificate_hash": "42465586d96dbab4ddf96229bb37e1d9a2e06b28"
          }
        },
        {
          "client_id": "475252821152-69frvb05hf5a5c020hhuinvfjv099hrk.apps.googleusercontent.com",
          "client_type": 1,
          "android_info": {
            "package_name": "com.kavaai.delivery",
            "certificate_hash": "f0917ba1ecdae9f57c412224c75c5cc68a35d41d"
          }
        },
        {
          "client_id": "475252821152-7va92adc3g3itl4lt0v2t1v9s0g75f6t.apps.googleusercontent.com",
          "client_type": 1,
          "android_info": {
            "package_name": "com.kavaai.delivery",
            "certificate_hash": "e56ec8d9febe68af94a29dc9a3371d6e328f1999"
          }
        },
        {
          "client_id": "475252821152-a2o6siqgvhd5hii072sqevimcp8fu61q.apps.googleusercontent.com",
          "client_type": 1,
          "android_info": {
            "package_name": "com.kavaai.delivery",
            "certificate_hash": "53e22e2b1a90006f4df9c220e7f5600ef60e04f6"
          }
        },
        {
          "client_id": "475252821152-e9r8hf1a7ppq9k38dcdha3vsjfb7fv7u.apps.googleusercontent.com",
          "client_type": 1,
          "android_info": {
            "package_name": "com.kavaai.delivery",
            "certificate_hash": "f1d114f30e0c184c37e492ef2f5fef273fc61347"
          }
        },
        {
          "client_id": "475252821152-pu0f458ila7ncm3ufgbmi8kubdn8m7p9.apps.googleusercontent.com",
          "client_type": 1,
          "android_info": {
            "package_name": "com.kavaai.delivery",
            "certificate_hash": "85b8167a9e967660f1d5e9697170cf56a0d27ea4"
          }
        },
        {
          "client_id": "475252821152-klljslh28480ised2qf51dekspij5f47.apps.googleusercontent.com",
          "client_type": 3
        }
      ],
      "api_key": [
        {
          "current_key": "AIzaSyBemPGw6Mq4PZf7VE6bTWQt6Ki7vuyPVUw"
        }
      ],
      "services": {
        "appinvite_service": {
          "other_platform_oauth_client": [
            {
              "client_id": "475252821152-e1ppuhvcmb9er457tgkum78flah76mh9.apps.googleusercontent.com",
              "client_type": 3
            }
          ]
        }
      }
    },
    {
      "client_info": {
        "mobilesdk_app_id": "1:475252821152:android:fd79189a84b87acb508dc5",
        "android_client_info": {
          "package_name": "com.kavaai.onlineshop"
        }
      },
      "oauth_client": [
        {
          "client_id": "475252821152-0va1agoo5nucn8tbu7a6c00vj84f0r94.apps.googleusercontent.com",
          "client_type": 1,
          "android_info": {
            "package_name": "com.kavaai.onlineshop",
            "certificate_hash": "42465586d96dbab4ddf96229bb37e1d9a2e06b28"
          }
        },
        {
          "client_id": "475252821152-3fme688vsfqpa6mb9fq9pcj9ocqql1qc.apps.googleusercontent.com",
          "client_type": 1,
          "android_info": {
            "package_name": "com.kavaai.onlineshop",
            "certificate_hash": "85b8167a9e967660f1d5e9697170cf56a0d27ea4"
          }
        },
        {
          "client_id": "475252821152-8e068drp0fnsf6tnv32gj3nanba17965.apps.googleusercontent.com",
          "client_type": 1,
          "android_info": {
            "package_name": "com.kavaai.onlineshop",
            "certificate_hash": "53e22e2b1a90006f4df9c220e7f5600ef60e04f6"
          }
        },
        {
          "client_id": "475252821152-9f14vpu9lkm5c9ukdlpecf5p3lhj58t2.apps.googleusercontent.com",
          "client_type": 1,
          "android_info": {
            "package_name": "com.kavaai.onlineshop",
            "certificate_hash": "e56ec8d9febe68af94a29dc9a3371d6e328f1999"
          }
        },
        {
          "client_id": "475252821152-s6ssblkvovpvijgcmqfcb0o4kg5lefut.apps.googleusercontent.com",
          "client_type": 1,
          "android_info": {
            "package_name": "com.kavaai.onlineshop",
            "certificate_hash": "f1d114f30e0c184c37e492ef2f5fef273fc61347"
          }
        },
        {
          "client_id": "475252821152-klljslh28480ised2qf51dekspij5f47.apps.googleusercontent.com",
          "client_type": 3
        }
      ],
      "api_key": [
        {
          "current_key": "AIzaSyBemPGw6Mq4PZf7VE6bTWQt6Ki7vuyPVUw"
        }
      ],
      "services": {
        "appinvite_service": {
          "other_platform_oauth_client": [
            {
              "client_id": "475252821152-e1ppuhvcmb9er457tgkum78flah76mh9.apps.googleusercontent.com",
              "client_type": 3
            }
          ]
        }
      }
    },
    {
      "client_info": {
        "mobilesdk_app_id": "1:475252821152:android:7af1d0d3d9a710dd508dc5",
        "android_client_info": {
          "package_name": "com.kavaai.seller"
        }
      },
      "oauth_client": [
        {
          "client_id": "475252821152-7m2vcqqk1keqar035s09hrv6or6ik7qa.apps.googleusercontent.com",
          "client_type": 1,
          "android_info": {
            "package_name": "com.kavaai.seller",
            "certificate_hash": "7ab1ef2e121e7485505d1741739aa1557fda8516"
          }
        },
        {
          "client_id": "475252821152-pi3o6sg3fr73umngjrugistit9m0ik8r.apps.googleusercontent.com",
          "client_type": 1,
          "android_info": {
            "package_name": "com.kavaai.seller",
            "certificate_hash": "85b8167a9e967660f1d5e9697170cf56a0d27ea4"
          }
        },
        {
          "client_id": "475252821152-tg55c9vs1405u9fk9pagn5dvrfpuslcv.apps.googleusercontent.com",
          "client_type": 1,
          "android_info": {
            "package_name": "com.kavaai.seller",
            "certificate_hash": "f1d114f30e0c184c37e492ef2f5fef273fc61347"
          }
        },
        {
          "client_id": "475252821152-klljslh28480ised2qf51dekspij5f47.apps.googleusercontent.com",
          "client_type": 3
        }
      ],
      "api_key": [
        {
          "current_key": "AIzaSyBemPGw6Mq4PZf7VE6bTWQt6Ki7vuyPVUw"
        }
      ],
      "services": {
        "appinvite_service": {
          "other_platform_oauth_client": [
            {
              "client_id": "475252821152-e1ppuhvcmb9er457tgkum78flah76mh9.apps.googleusercontent.com",
              "client_type": 3
            }
          ]
        }
      }
    }
  ],
  "configuration_version": "1"
}