{"flutter":{"platforms":{"android":{"default":{"projectId":"ubm-pos","appId":"1:107445319184:android:5f1d84d6f41f7a8ae33c95","fileOutput":"android/app/google-services.json"}},"ios":{"default":{"projectId":"ubm-pos","appId":"1:107445319184:ios:1456126edb7ed360e33c95","uploadDebugSymbols":false,"fileOutput":"ios/Runner/GoogleService-Info.plist"}},"dart":{"lib/firebase_options.dart":{"projectId":"ubm-pos","configurations":{"android":"1:107445319184:android:5f1d84d6f41f7a8ae33c95","ios":"1:107445319184:ios:1456126edb7ed360e33c95"}}}}}}