{
  "project_info": {
    "project_number": "380862284952",
    "project_id": "sanal-dershane-fc619",
    "storage_bucket": "sanal-dershane-fc619.appspot.com"
  },
  "client": [
    {
      "client_info": {
        "mobilesdk_app_id": "1:380862284952:android:0f924f5f39fe3c485cbced",
        "android_client_info": {
          "package_name": "com.sanaldershane.quiz"
        }
      },
      "oauth_client": [
        {
          "client_id": "380862284952-mlnn5o0e6838la6uvihf017qea1p4dbr.apps.googleusercontent.com",
          "client_type": 1,
          "android_info": {
            "package_name": "com.sanaldershane.quiz",
            "certificate_hash": "59a60f5854a58fe0a31b112618652940b5282e86"
          }
        },
        {
          "client_id": "380862284952-4fll824tm6fcjlc3ll0edn0c331q5fru.apps.googleusercontent.com",
          "client_type": 3
        }
      ],
      "api_key": [
        {
          "current_key": "AIzaSyC8LIwg3M_AxzSoITKwgGfnMQiD2njEGjk"
        }
      ],
      "services": {
        "appinvite_service": {
          "other_platform_oauth_client": [
            {
              "client_id": "380862284952-4fll824tm6fcjlc3ll0edn0c331q5fru.apps.googleusercontent.com",
              "client_type": 3
            }
          ]
        }
      }
    }
  ],
  "configuration_version": "1"
}